<?xml version="1.1" encoding="UTF-8" standalone="yes"?>
<addon id="plugin.video.gehosting"
       name="[COLOR dodgerblue]Global Entertainment[/COLOR]"
       version="1.7"
       provider-name="GE Hosting">
  <requires>
    <import addon="xbmc.python" version="2.1.0"/>
	<import addon="script.module.requests" />
  </requires>
  <extension point="xbmc.python.pluginsource"
            library="default.py">
        <provides>video</provides>
  </extension>
  <extension point="xbmc.addon.metadata">
    <summary lang="en">Global Entertainment</summary>
    <language>en</language>
    <description lang="en">Global Entertainment Official Addon - Supplier of Great Quality and Stable Streams</description>
     <platform>all</platform>
  </extension>
</addon>
