<?xml version="1.0" encoding="UTF-8" standalone="yes"?>
<addon id="plugin.program.tksappsbasicwizard" name="[COLOR red][B]TK's Applications for Kodi:[/B][/COLOR] [COLOR snow][B]Basic Wizard[/B][/COLOR]" version="1.0.0" provider-name="TK's">
  <requires>
    <import addon="xbmc.python" version="2.1.0"/>  
  </requires>
  <extension point="xbmc.python.pluginsource" library="default.py">
    <provides>program executable</provides>
  </extension>
  <extension point="xbmc.service" library="startup.py" start="startup" />
  <extension point="xbmc.addon.metadata">
    <summary lang="en">Welcome to TK's Applications for Kodi: Basic Wizard</summary>
    <description lang="en">This Software is designed to keep your KODI device up to date and running smoothly</description>
    <disclaimer lang="en">For help and support ... Please visit our group on Facebook!</disclaimer>
    <language></language>
    <platform>all</platform>
    <license>GNU GENERAL PUBLIC LICENSE. Version 2, June 1991</license>
    <forum></forum>
    <website>https://www.facebook.com/groups/348956815437210/</website>
    <email></email>
    <source></source>
    <news></news>
    <assets>
        <icon></icon>
        <fanart></fanart>
        <screenshot></screenshot>
        <screenshot></screenshot>
        <screenshot></screenshot>
        <screenshot></screenshot>        
    </assets>
  </extension>
</addon>