<?xml version="1.0" encoding="UTF-8" standalone="yes"?>
<addon id="plugin.video.skywalkers" name="Sky Walkers TV" version="0.0.1" provider-name="Walker">
	<requires>
		<import addon="xbmc.python" version="2.19.0" />
		<import addon="script.module.nanscrapers" version="0.5.5" />
        <import addon="script.module.python.koding.aio" version="0.0.1"/>
	</requires>
	<extension point="xbmc.python.pluginsource" library="default.py">
		<provides>video</provides>
	</extension>
	<extension point="xbmc.addon.metadata">
		<summary lang="en">Live Tv</summary>
		<description lang="en">Live TV Premium TV</description>
		<platform>all</platform>
		<forum>http://www.noobsandnerds.com/support</forum>
		<website>www.noobsandnerds.com</website>
		<news></news>
		<genre>adult,comedy,documentary,kids,livetv,movies,music,news,sports,subscription,tvshows,uk,usa</genre>
		<video_guide></video_guide>
		<video_preview></video_preview>
	</extension>
</addon>
